case,cc3,country,year,systemic_crisis,exch_usd,domestic_debt_in_default,sovereign_external_debt_default,gdp_weighted_default,inflation_annual_cpi,independence,currency_crises,inflation_crises,banking_crisis,population,crime_rate,GDP(bd),edu,pop_m
1,DZA,Algeria,1975,0,4.125,0,0,0,12.09893382,1,0,0,no_crisis,16607707,5,,39.1,16.607707
1,DZA,Algeria,1976,0,4.359,0,0,0,17.17351914,1,0,0,no_crisis,17072723,7,,40.07,17.072723
1,DZA,Algeria,1977,0,4.035,0,0,0,11.45037883,1,0,0,no_crisis,17550759,2,,41.04,17.550759
1,DZA,Algeria,1978,0,3.8345,0,0,0,9.668492611,1,0,0,no_crisis,18042180,3,,42,18.04218
1,DZA,Algeria,1979,0,3.7555,0,0,0,14.60957788,1,0,0,no_crisis,18547361,5,,42.97,18.547361
1,DZA,Algeria,1980,0,3.9715,0,0,0,9.668,1,0,0,no_crisis,19221665,3,,43.94,19.221665
1,DZA,Algeria,1981,0,4.378,0,0,0,14.61,1,0,0,no_crisis,19792548,4,,44.91,19.792548
1,DZA,Algeria,1982,0,4.6355,0,0,0,6.593,1,0,0,no_crisis,20380387,2,,45.88,20.380387
1,DZA,Algeria,1983,0,4.9165,0,0,0,7.835,1,0,0,no_crisis,20985685,5,,46.85,20.985685
1,DZA,Algeria,1984,0,5.1227,0,0,0,6.31,1,0,0,no_crisis,21608959,6,,47.82,21.608959
1,DZA,Algeria,1985,0,4.7728,0,0,0,10.432,1,0,0,no_crisis,22431502,2,,49.6,22.431502
1,DZA,Algeria,1986,0,4.8235,0,0,0,14.007,1,0,0,no_crisis,23135851,2,,48.9,23.135851
1,DZA,Algeria,1987,0,4.9363,0,0,0,5.857,1,0,0,no_crisis,23862317,3,,49.6,23.862317
1,DZA,Algeria,1988,0,6.7308,0,0,0,5.938,1,1,0,no_crisis,24611594,3,,52.07,24.611594
1,DZA,Algeria,1989,0,8.0324,0,0,0,9.172,1,1,0,no_crisis,25384398,2,,53.57,25.384398
1,DZA,Algeria,1990,1,12.1908,0,0,0,9.272,1,1,0,crisis,25758869,6,,54,25.758869
1,DZA,Algeria,1991,1,21.3919,0,1,0.23,25.9,1,1,1,crisis,26480117,5,,54.68,26.480117
1,DZA,Algeria,1992,1,22.7814,0,1,0.23,31.7,1,0,1,crisis,27221561,2,,55,27.221561
1,DZA,Algeria,1993,0,24.123,0,1,0.23,20.5,1,0,1,no_crisis,27983764,5,,56.7,27.983764
1,DZA,Algeria,1994,0,42.8925,0,1,0.23,29,1,1,1,no_crisis,28767310,5,,58,28.76731
1,DZA,Algeria,1995,0,52.175,0,1,0.23,29.8,1,1,1,no_crisis,28757785,4,,59.75,28.757785
1,DZA,Algeria,1996,0,56.1859,0,1,0.23,18.7,1,0,0,no_crisis,29399084,4,,63.1,29.399084
1,DZA,Algeria,1997,0,58.4139,0,0,0,5.7,1,0,0,no_crisis,30054683,4,,64.8,30.054683
1,DZA,Algeria,1998,0,60.3531,0,0,0,4.95,1,0,0,no_crisis,30724903,2,,65.65,30.724903
1,DZA,Algeria,1999,0,69.3143,0,0,0,2.6,1,0,0,no_crisis,31410068,1,,66.5,31.410068
1,DZA,Algeria,2000,0,75.3428,0,0,0,0.3,1,0,0,no_crisis,31042235,2,54.79,68.2,31.042235
1,DZA,Algeria,2001,0,77.8196,0,0,0,4.2,1,0,0,no_crisis,31520285,1,54.74,69.05,31.520285
1,DZA,Algeria,2002,0,79.7234,0,0,0,1.43,1,0,0,no_crisis,32005698,3,56.76,69.9,32.005698
1,DZA,Algeria,2003,0,72.6128,0,0,0,4.259,1,0,0,no_crisis,32498586,6,67.86,71.6,32.498586
1,DZA,Algeria,2004,0,72.6137,0,0,0,3.972,1,0,0,no_crisis,32999064,2,85.32,72.85,32.999064
1,DZA,Algeria,2005,0,73.3799,0,0,0,1.382,1,0,0,no_crisis,33149724,4,103.2,74.1,33.149724
1,DZA,Algeria,2006,0,71.1582,0,0,0,2.315,1,0,0,no_crisis,33587300,5,117,72.6,33.5873
1,DZA,Algeria,2007,0,66.8299,0,0,0,3.674,1,0,0,no_crisis,34030653,1,135,73.85,34.030653
1,DZA,Algeria,2008,0,71.1826,0,0,0,4.855,1,0,0,no_crisis,34479857,2,171,75.1,34.479857
1,DZA,Algeria,2009,0,72.7309,0,0,0,5.743,1,0,0,no_crisis,34934991,5,137.2,73.3,34.934991
1,DZA,Algeria,2010,0,74.9437,0,0,0,3.913,1,0,0,no_crisis,35977455,2,161.2,75,35.977455
1,DZA,Algeria,2011,0,76.0563,0,0,0,4.522,1,0,0,no_crisis,36571083,2,200,73.05,36.571083
1,DZA,Algeria,2012,0,78.1025,0,0,0,8.916,1,0,0,no_crisis,37174506,5,209.1,71.1,37.174506
1,DZA,Algeria,2013,0,78.1487013,0,0,0,3.255,1,0,0,no_crisis,37787885,2,209.8,69.6,37.787885
1,DZA,Algeria,2014,0,87.9706983,0,0,0,2.917,1,0,0,no_crisis,39728025,7,213.8,72.85,39.728025
2,AGO,Angola,1975,0,2.75E-08,0,0,0,29.00043489,1,0,1,no_crisis,7024000,4,,38.5,7.024
2,AGO,Angola,1976,0,2.99E-08,1,0,0,80.69990445,1,0,1,no_crisis,7275459,4,,39,7.275459
2,AGO,Angola,1977,0,2.99E-08,0,0,0,69.00935079,1,0,1,no_crisis,7535921,5,,39.5,7.535921
2,AGO,Angola,1978,0,2.99E-08,0,0,0,48.46106867,1,0,1,no_crisis,7805707,8,,39.9,7.805707
2,AGO,Angola,1979,0,2.99E-08,0,0,0,101.3013176,1,0,1,no_crisis,8085151,1,,40.5,8.085151
2,AGO,Angola,1980,0,2.99E-08,0,0,0,46.70755462,1,0,1,no_crisis,8341289,1,,40.95,8.341289
2,AGO,Angola,1981,0,2.99E-08,0,0,0,62.85353803,1,0,1,no_crisis,8633234,7,,41.44,8.633234
2,AGO,Angola,1982,0,2.99E-08,0,0,0,61.44702407,1,0,1,no_crisis,8935397,3,,41.93,8.935397
2,AGO,Angola,1983,0,2.99E-08,0,0,0,60.04051011,1,0,1,no_crisis,9248136,3,,42.42,9.248136
2,AGO,Angola,1984,0,2.99E-08,0,0,0,58.63399615,1,0,1,no_crisis,9571821,6,,43,9.571821
2,AGO,Angola,1985,0,2.99E-08,0,0,0,57.22748219,1,0,1,no_crisis,9961997,7,,44,9.961997
2,AGO,Angola,1986,0,2.99E-08,0,0,0,55.82096824,1,0,1,no_crisis,10322621,1,,45,10.322621
2,AGO,Angola,1987,0,2.99E-08,0,0,0,54.41445428,1,0,1,no_crisis,10696300,8,,47,10.6963
2,AGO,Angola,1988,0,2.99E-08,0,0,0,53.00794032,1,0,1,no_crisis,11083506,6,,47.8,11.083506
2,AGO,Angola,1989,0,2.99E-08,0,0,0,51.60142636,1,0,1,no_crisis,11484729,9,,50,11.484729
2,AGO,Angola,1990,0,2.99E-08,0,0,0,50.1949124,1,0,1,no_crisis,11848386,3,,52,11.848386
2,AGO,Angola,1991,0,0.00000018,0,1,0,85.265,1,1,1,no_crisis,12266634,3,,52.59,12.266634
2,AGO,Angola,1992,0,0.00000055,1,1,0,299.097,1,1,1,crisis,12699646,8,,53.96,12.699646
2,AGO,Angola,1993,0,0.0000065,1,1,0,1379.476,1,1,1,crisis,13147944,7,,55.34,13.147944
2,AGO,Angola,1994,0,0.000509262,1,1,0,949.771,1,1,1,crisis,13612066,3,,56.71,13.612066
2,AGO,Angola,1995,0,0.005692,1,1,0,2672.23,1,2,1,crisis,13945206,1,,58.09,13.945206
2,AGO,Angola,1996,0,0.201994,1,1,0,4146.01,1,1,1,crisis,14406792,2,,59.46,14.406792
2,AGO,Angola,1997,0,0.262376,1,1,0,221.492,1,1,1,crisis,14883657,3,,60.84,14.883657
2,AGO,Angola,1998,0,0.6965,1,1,0,107.429,1,1,1,crisis,15376306,5,,62.21,15.376306
2,AGO,Angola,1999,0,5.57992,1,1,0,248.248,1,2,1,no_crisis,15885262,3,,63.58,15.885262
2,AGO,Angola,2000,0,16.81784,1,1,0,325.029,1,1,1,no_crisis,16395473,7,9.13,64.96,16.395473
2,AGO,Angola,2001,0,31.94936,1,1,0,152.586,1,1,1,no_crisis,16934884,1,8.9,67.4,16.934884
2,AGO,Angola,2002,0,58.66637,1,1,0,108.893,1,1,1,no_crisis,17492042,4,12.5,67.54,17.492042
2,AGO,Angola,2003,0,79.08149,0,1,0,98.342,1,1,1,no_crisis,18067530,6,14.19,67.38,18.06753
2,AGO,Angola,2004,0,85.98779,0,0,0,43.559,1,1,1,no_crisis,18661952,1,19.64,67.21,18.661952
2,AGO,Angola,2005,0,80.77951,0,0,0,22.961,1,1,1,no_crisis,19433602,6,28.23,67.05,19.433602
2,AGO,Angola,2006,0,80.26442,0,0,0,13.305,1,0,0,no_crisis,20106005,2,41.79,66.89,20.106005
2,AGO,Angola,2007,0,75.023,0,0,0,12.249,1,0,0,no_crisis,20801672,4,60.45,66.72,20.801672
2,AGO,Angola,2008,0,75.169,0,0,0,12.465,1,0,0,no_crisis,21521410,7,84.18,66.7,21.52141
2,AGO,Angola,2009,0,89.398,0,0,0,13.721,1,1,0,no_crisis,22266051,2,75.49,66.5,22.266051
2,AGO,Angola,2010,0,92.643,0,0,0,14.48,1,0,0,no_crisis,23356246,6,82.53,66.1,23.356246
2,AGO,Angola,2011,0,95.272,0,0,0,13.484,1,0,0,no_crisis,24232105,3,104.1,66,24.232105
2,AGO,Angola,2012,0,95.82588521,0,0,0,10.285,1,0,0,no_crisis,25140809,2,113.9,65.7,25.140809
2,AGO,Angola,2013,0,97.56,0,0,0,8.782,1,0,0,no_crisis,26083590,2,124.9,65.45,26.08359
2,AGO,Angola,2014,0,101.49,0,0,0,7.296,1,0,0,no_crisis,27061724,4,126.7,66,27.061724
10,CAF,Central African Republic,1975,0,224.2748413,0,0,0,16.02787456,1,0,0,no_crisis,45948694,7,,40.1,45.948694
10,CAF,Central African Republic,1976,1,248.4873242,0,0,0,10.51051051,1,0,0,crisis,47198498,2,,41.27,47.198498
10,CAF,Central African Republic,1977,1,235.2498335,0,0,0,11.14130435,1,0,0,crisis,48482298,3,,42.14,48.482298
10,CAF,Central African Republic,1978,1,208.9998521,0,0,0,11.49144254,1,0,0,crisis,49801016,9,,43.1,49.801016
10,CAF,Central African Republic,1979,1,200.9998578,0,0,0,9.210526316,1,0,0,crisis,51155604,9,,44.27,51.155604
10,CAF,Central African Republic,1980,1,225.7998402,0,0,0,13.3,1,0,0,crisis,52885374,8,,44.94,52.885374
10,CAF,Central African Republic,1981,1,287.3997967,0,1,0,14.66,1,0,0,crisis,54392607,4,,46.21,54.392607
10,CAF,Central African Republic,1982,1,336.2497621,0,0,0,13.243,1,0,0,crisis,55942796,6,,47.28,55.942796
10,CAF,Central African Republic,1983,0,417.3747047,0,1,0,14.558,1,0,0,no_crisis,57537166,8,,48.19,57.537166
10,CAF,Central African Republic,1984,0,479.5996607,0,1,0,2.604,1,0,0,no_crisis,59176975,7,,49.2,59.176975
10,CAF,Central African Republic,1985,0,378.0497326,0,1,0,10.457,1,0,0,no_crisis,60890064,7,,51.02,60.890064
10,CAF,Central African Republic,1986,0,322.7497717,0,1,0,2.411,1,0,0,no_crisis,62631520,3,,50.36,62.63152
10,CAF,Central African Republic,1987,0,266.9998111,0,1,0,-6.986,1,0,0,no_crisis,64422781,5,,51.1,64.422781
10,CAF,Central African Republic,1988,1,302.9497857,0,1,0,-3.934,1,0,0,crisis,66265273,5,,53.6,66.265273
10,CAF,Central African Republic,1989,1,289.3997953,0,1,0,0.645,1,0,0,crisis,68160460,9,,55.14,68.16046
10,CAF,Central African Republic,1990,1,256.4498186,0,1,0,-0.203,1,0,0,crisis,70855105,10,,55.61,70.855105
10,CAF,Central African Republic,1991,1,258.9998168,0,1,0,-2.848,1,0,0,crisis,73037442,8,,56.33,73.037442
10,CAF,Central African Republic,1992,1,275.3248052,0,1,0,-0.757,1,0,0,crisis,75286995,8,,56.69,75.286995
10,CAF,Central African Republic,1993,1,294.7747915,0,1,0,-2.909,1,0,0,crisis,77605835,6,,58.43,77.605835
10,CAF,Central African Republic,1994,1,534.5996218,0,1,0,24.55,1,1,1,crisis,79996095,2,,59.77,79.996095
10,CAF,Central African Republic,1995,1,489.9996534,0,1,0,19.2,1,0,0,crisis,83775158,6,,61.55,83.775158
10,CAF,Central African Republic,1996,1,523.6996296,0,1,0,3.723,1,0,0,crisis,86631891,9,,64.94,86.631891
10,CAF,Central African Republic,1997,1,598.8095764,0,1,0,1.597,1,0,0,crisis,89586038,8,,66.68,89.586038
10,CAF,Central African Republic,1998,1,562.2096023,0,1,0,-1.871,1,0,0,crisis,92640922,5,,67.57,92.640922
10,CAF,Central African Republic,1999,1,652.9534143,0,1,0,-1.415,1,0,0,crisis,95799978,6,,68.46,95.799978
10,CAF,Central African Republic,2000,0,704.9511016,0,1,0,3.202,1,0,0,no_crisis,96115539,6,,70.19,96.115539
10,CAF,Central African Republic,2001,0,744.3061387,0,1,0,3.843,1,0,0,no_crisis,98797163,2,,71.08,98.797163
10,CAF,Central African Republic,2002,0,625.4953752,0,1,0,2.298,1,0,0,no_crisis,101553603,4,,71.97,101.553603
10,CAF,Central African Republic,2003,0,519.3642122,0,1,0,4.353,1,0,0,no_crisis,104386949,7,,73.71,104.386949
10,CAF,Central African Republic,2004,0,481.5777109,0,1,0,-2.244,1,0,0,no_crisis,107299345,8,,75,107.299345
10,CAF,Central African Republic,2005,0,556.0371281,0,1,0,2.885,1,0,0,no_crisis,112008261,4,,76.28,112.008261
10,CAF,Central African Republic,2006,0,498.0690964,0,1,0,6.694,1,0,0,no_crisis,115491718,5,1.461,74.82,115.491718
10,CAF,Central African Republic,2007,0,445.5926907,0,1,0,0.935,1,0,0,no_crisis,119083510,6,1.698,76.11,119.08351
10,CAF,Central African Republic,2008,0,471.3350578,0,1,0,9.262,1,0,0,no_crisis,122787008,6,1.985,77.4,122.787008
10,CAF,Central African Republic,2009,0,455.3359711,0,1,0,3.522,1,0,0,no_crisis,126605683,7,1.982,75.64,126.605683
10,CAF,Central African Republic,2010,0,490.9122886,0,1,0,1.491,1,0,0,no_crisis,131622126,5,1.986,77.38,131.622126
10,CAF,Central African Republic,2011,0,506.9611253,0,1,0,1.195,1,0,0,no_crisis,135939332,9,2.196,75.46,135.939332
10,CAF,Central African Republic,2012,0,497.1631044,0,1,0,5.874,1,0,0,no_crisis,140398142,10,2.17,73.55,140.398142
10,CAF,Central African Republic,2013,0,475.6413603,0,1,0,6.552,1,0,0,no_crisis,145003201,3,1.5,72.09,145.003201
10,CAF,Central African Republic,2014,0,540.2825138,0,1,0,11.584,1,0,0,no_crisis,154203219,8,1.7,75.38,154.203219
19,EGY,Egypt,1975,0,0.3913,0,0,0,9.899265451,1,0,0,no_crisis,38549142,1,,41.1,38.549142
19,EGY,Egypt,1976,0,0.3913,0,0,0,10.29192345,1,0,0,no_crisis,43309063,6,,42.47,43.309063
19,EGY,Egypt,1977,0,0.3913,0,0,0,11.61462645,1,0,0,no_crisis,44331157,1,,43.24,44.331157
19,EGY,Egypt,1978,0,0.3913,0,0,0,11.27087249,1,0,0,no_crisis,45377372,1,,44.2,45.377372
19,EGY,Egypt,1979,0,0.7,0,0,0,9.90279235,1,1,0,no_crisis,46448278,2,,45.57,46.448278
19,EGY,Egypt,1980,1,0.699999999,0,0,0,20.5,1,0,1,no_crisis,49258732,6,,45.94,49.258732
19,EGY,Egypt,1981,1,0.699999999,0,0,0,10.4,1,0,0,crisis,50544385,1,,47.51,50.544385
19,EGY,Egypt,1982,1,0.699999999,0,0,0,14.9,1,0,0,crisis,51863593,2,,48.68,51.863593
19,EGY,Egypt,1983,1,0.699999999,0,0,0,15.982,1,0,0,crisis,53217233,4,,49.54,53.217233
19,EGY,Egypt,1984,0,0.7,0,1,0.4,17.06,1,0,0,no_crisis,54606203,1,,50.59,54.606203
19,EGY,Egypt,1985,0,0.7,0,0,0,12.108,1,0,0,no_crisis,56134475,2,,52.45,56.134475
19,EGY,Egypt,1986,0,0.7,0,0,0,23.9,1,0,1,no_crisis,57622039,2,,51.82,57.622039
19,EGY,Egypt,1987,0,0.7,0,0,0,25.185,1,0,1,no_crisis,59149023,5,,52.6,59.149023
19,EGY,Egypt,1988,0,0.7,0,0,0,15.185,1,0,0,no_crisis,60716472,1,,55.14,60.716472
19,EGY,Egypt,1989,0,1.1,0,0,0,20.129,1,1,1,no_crisis,62325458,1,,56.72,62.325458
19,EGY,Egypt,1990,0,2,0,0,0,21.219,1,1,1,crisis,62334034,1,,57.23,62.334034
19,EGY,Egypt,1991,0,3.33221,0,0,0,14.737,1,1,0,crisis,63655516,3,,57.98,63.655516
19,EGY,Egypt,1992,0,3.33861,0,0,0,21.142,1,0,1,crisis,65005012,1,,58.38,65.005012
19,EGY,Egypt,1993,0,3.3718,0,0,0,11.042,1,0,0,crisis,66383119,4,,60.15,66.383119
19,EGY,Egypt,1994,0,3.391,0,0,0,9.046,1,0,0,crisis,67790441,2,,61.53,67.790441
19,EGY,Egypt,1995,0,3.39,0,0,0,9.361,1,0,0,crisis,68831561,3,,63.36,68.831561
19,EGY,Egypt,1996,0,3.388,0,0,0,7.095,1,0,0,no_crisis,70208192,4,,66.78,70.208192
19,EGY,Egypt,1997,0,3.388,0,0,0,6.167,1,0,0,no_crisis,71612356,3,,68.56,71.612356
19,EGY,Egypt,1998,0,3.388,0,0,0,5.041,1,0,0,no_crisis,73044603,5,,69.49,73.044603
19,EGY,Egypt,1999,0,3.405,0,0,0,3.745,1,0,0,no_crisis,74505495,1,,70.41,74.505495
19,EGY,Egypt,2000,0,3.69,0,0,0,2.849,1,0,0,no_crisis,75523569,1,99.84,72.19,75.523569
19,EGY,Egypt,2001,0,4.49,0,0,0,2.431,1,1,0,no_crisis,76935860,3,97.63,73.11,76.93586
19,EGY,Egypt,2002,0,4.5,0,0,0,3.21,1,0,0,no_crisis,78374560,1,87.85,74.04,78.37456
19,EGY,Egypt,2003,0,6.1532,0,0,0,0,1,1,0,no_crisis,79840165,2,82.92,75.82,79.840165
19,EGY,Egypt,2004,0,6.1314,0,0,0,8.106,1,0,0,no_crisis,81333176,1,78.85,77.14,81.333176
19,EGY,Egypt,2005,0,5.7322,0,0,0,8.826,1,0,0,no_crisis,82761235,1,89.69,78.47,82.761235
19,EGY,Egypt,2006,0,5.7036,0,0,0,4.202,1,0,0,no_crisis,84292318,4,107.5,77.05,84.292318
19,EGY,Egypt,2007,0,5.5038,0,0,0,10.959,1,0,0,no_crisis,85851726,6,130.5,78.37,85.851726
19,EGY,Egypt,2008,0,5.5041,0,0,0,11.698,1,0,0,no_crisis,87439983,3,162.8,79.7,87.439983
19,EGY,Egypt,2009,0,5.4754,0,0,0,16.24,1,0,0,no_crisis,89057622,4,189,77.97,89.057622
19,EGY,Egypt,2010,0,5.7926,0,0,0,11.69,1,0,0,no_crisis,92442547,3,218.9,79.75,92.442547
19,EGY,Egypt,2011,0,6.0169,0,0,0,11.09,1,0,0,no_crisis,94513260,5,236,79,94.51326
19,EGY,Egypt,2012,0,6.3057,0,0,0,8.65,1,0,0,no_crisis,96630357,4,279.4,79,96.630357
19,EGY,Egypt,2013,0,6.94,0,0,0,6.914,1,0,0,no_crisis,98794877,2,288.6,79,98.794877
19,EGY,Egypt,2014,0,7.15,0,0,0,10.099,1,0,0,no_crisis,101007882,3,305.5,80,101.007882
15,CIV,Ivory Coast,2000,0,0,0,1,0,-0.381,1,0,0,no_crisis,16454668,3,,63.49,16.454668
15,CIV,Ivory Coast,1980,0,221,0,0,0,8.81,1,0,0,no_crisis,8033650,3,,43.94,8.03365
15,CIV,Ivory Coast,1993,0,297,0,1,0,2.13,1,0,0,no_crisis,13317363,3,,56.7,13.317363
15,CIV,Ivory Coast,1997,0,616,0,1,0,6.301,1,0,0,no_crisis,15225840,3,,60.56,15.22584
15,CIV,Ivory Coast,1998,0,576,0,1,0,5.219,1,0,0,no_crisis,15766358,3,,61.54,15.766358
15,CIV,Ivory Coast,1999,0,0,0,0,0,0.92,1,0,0,no_crisis,16326063,3,,62.51,16.326063
15,CIV,Ivory Coast,2002,0,0,0,1,0,3.08,1,0,0,no_crisis,17453368,3,,65.45,17.453368
15,CIV,Ivory Coast,2009,0,0,0,1,0,1.009,1,0,0,no_crisis,20031637,3,24.28,72.29,20.031637
15,CIV,Ivory Coast,1988,1,310,0,1,0,6.935,1,0,0,crisis,11253448,3,,52.07,11.253448
15,CIV,Ivory Coast,1995,0,495,0,1,0,14.1,1,0,0,no_crisis,14199762,3,,58.6,14.199762
15,CIV,Ivory Coast,2011,0,0,0,1,0,4.448,1,0,0,no_crisis,20999048,3,25.38,74.25,20.999048
15,CIV,Ivory Coast,2013,0,0,0,0,0,2.584,1,0,0,no_crisis,21963225,3,31.27,76.21,21.963225
15,CIV,Ivory Coast,2014,0,0,0,0,0,0.449,1,0,0,no_crisis,23226143,3,35.37,77.18,23.226143
15,CIV,Ivory Coast,1975,0,220,0,0,0,10.61769304,1,0,0,no_crisis,6412403,4,,39.1,6.412403
15,CIV,Ivory Coast,1981,0,290,0,0,0,8.682,1,0,0,no_crisis,8404001,4,,44.91,8.404001
15,CIV,Ivory Coast,1982,0,352,0,0,0,7.389,1,0,0,no_crisis,8791426,4,,45.88,8.791426
15,CIV,Ivory Coast,1983,0,450,0,1,0,5.879,1,0,0,no_crisis,9196710,4,,46.85,9.19671
15,CIV,Ivory Coast,1984,0,486.5,0,1,0,4.281,1,0,0,no_crisis,9620679,4,,47.82,9.620679
15,CIV,Ivory Coast,1985,0,380,0,1,0,1.753,1,0,0,no_crisis,9918196,4,,49.6,9.918196
15,CIV,Ivory Coast,1986,0,319,0,1,0,6.837,1,0,0,no_crisis,10344678,4,,48.9,10.344678
15,CIV,Ivory Coast,1987,0,277,0,1,0,6.978,1,0,0,no_crisis,10789500,4,,49.6,10.7895
15,CIV,Ivory Coast,1989,1,305,0,1,0,0.986,1,0,0,crisis,11737346,4,,53.57,11.737346
15,CIV,Ivory Coast,1990,1,267,0,1,0,-0.658,1,0,0,crisis,11924877,4,,54,11.924877
15,CIV,Ivory Coast,1991,1,265,0,1,0,1.575,1,0,0,crisis,12372060,4,,54.68,12.37206
15,CIV,Ivory Coast,1992,0,278,0,1,0,4.218,1,0,0,no_crisis,12836012,4,,55,12.836012
15,CIV,Ivory Coast,1994,0,540,0,1,0,25.956,1,1,1,no_crisis,13816764,4,,58,13.816764
15,CIV,Ivory Coast,1996,0,525.7,0,1,0,2.7,1,0,0,no_crisis,14703854,4,,59.58,14.703854
15,CIV,Ivory Coast,2001,0,0,0,1,0,4.355,1,0,0,no_crisis,16946663,4,,64.47,16.946663
15,CIV,Ivory Coast,2003,0,0,0,1,0,3.297,1,0,0,no_crisis,17975223,4,,66.43,17.975223
15,CIV,Ivory Coast,2004,0,0,0,1,0,1.459,1,0,0,no_crisis,18512683,4,,67.4,18.512683
15,CIV,Ivory Coast,2005,0,0,0,1,0,3.884,1,0,0,no_crisis,18354514,4,,68.38,18.354514
15,CIV,Ivory Coast,2007,0,0,0,1,0,1.896,1,0,0,no_crisis,19174748,4,,70.34,19.174748
15,CIV,Ivory Coast,1976,0,247,0,0,0,12.90885269,1,0,0,no_crisis,6712503,6,,40.07,6.712503
15,CIV,Ivory Coast,1977,0,236,0,0,0,24.48243736,1,0,1,no_crisis,7026649,6,,41.04,7.026649
15,CIV,Ivory Coast,1978,0,243.5,0,0,0,16.03173523,1,0,0,no_crisis,7355496,6,,42,7.355496
15,CIV,Ivory Coast,1979,0,205,0,0,0,21.75954473,1,0,1,no_crisis,7699733,6,,42.97,7.699733
15,CIV,Ivory Coast,2008,0,0,0,1,0,6.315,1,0,0,no_crisis,19598510,7,24.22,71.32,19.59851
15,CIV,Ivory Coast,2010,0,0,0,1,0,1.8,1,0,0,no_crisis,20532950,7,24.88,73.27,20.53295
15,CIV,Ivory Coast,2012,0,0,0,1,0,1.3,1,0,0,no_crisis,21475726,7,27.04,75.23,21.475726
15,CIV,Ivory Coast,2006,0,0,0,1,0,2.466,1,0,0,no_crisis,18760149,7,,69.36,18.760149
35,KEN,Kenya,1988,1,18.5994,0,0,0,4.804,1,0,0,crisis,22294580,8,,54.26,22.29458
35,KEN,Kenya,1999,1,72.9306,0,0,0,5.753,1,1,0,no_crisis,31496915,8,,65.59,31.496915
35,KEN,Kenya,1980,0,7.568499999,0,0,0,13.866,1,0,0,no_crisis,16417197,8,,44.85,16.417197
35,KEN,Kenya,1984,0,15.7813,0,0,0,20.667,1,0,1,no_crisis,19109949,8,,49.37,19.109949
35,KEN,Kenya,2002,0,77.0722,0,0,0,2.156,1,0,0,no_crisis,33812500,8,,68.54,33.8125
35,KEN,Kenya,2014,0,89.35,0,0,0,6.878,1,0,0,no_crisis,47878336,8,61.44,76,47.878336
35,KEN,Kenya,1990,0,24.0841,0,0,0,11.2,1,0,0,no_crisis,23724579,8,,56.51,23.724579
35,KEN,Kenya,2000,0,78.0361,0,1,0,9.955,1,0,0,no_crisis,31964557,8,,66.58,31.964557
35,KEN,Kenya,1976,0,8.27,0,0,0,9.527607326,1,1,0,no_crisis,14083646,7,,40.47,14.083646
35,KEN,Kenya,1975,0,7.1429,0,0,0,19.7347384,1,0,0,no_crisis,13575907,6,,39.1,13.575907
35,KEN,Kenya,1981,0,10.2862,0,0,0,7.895,1,1,0,no_crisis,17052543,6,,45.98,17.052543
35,KEN,Kenya,1983,0,13.7959,0,0,0,11.603,1,0,0,no_crisis,18397949,6,,48.24,18.397949
35,KEN,Kenya,1987,1,16.5149,0,0,0,13.007,1,0,0,crisis,21457729,6,,51.63,21.457729
35,KEN,Kenya,2003,0,76.1389,0,0,0,5.983,1,0,0,no_crisis,34776156,6,,69.53,34.776156
35,KEN,Kenya,2006,0,69.3967,0,0,0,6.041,1,0,0,no_crisis,37635742,6,,72,37.635742
35,KEN,Kenya,2009,0,75.82,0,0,0,10.552,1,0,0,no_crisis,40838781,6,,73,40.838781
35,KEN,Kenya,1979,0,7.3276,0,0,0,8.080283232,1,0,0,no_crisis,15723667,5,,43.67,15.723667
35,KEN,Kenya,1985,1,16.2843,0,0,0,11.398,1,0,0,crisis,19877083,5,,51.31,19.877083
35,KEN,Kenya,2004,0,77.3444,0,0,0,8.381,1,0,0,no_crisis,35767277,5,,70.51,35.767277
35,KEN,Kenya,2010,0,80.75194444,0,0,0,4.309,1,0,0,no_crisis,42030676,5,40,73,42.030676
35,KEN,Kenya,2013,0,86.31,0,0,0,5.717,1,0,0,no_crisis,45647708,5,55.1,75,45.647708
35,KEN,Kenya,1977,0,7.9471,0,0,0,18.01088176,1,0,0,no_crisis,14610374,4,,41.49,14.610374
35,KEN,Kenya,1982,0,12.7249,0,0,0,13.821,1,1,0,no_crisis,17712476,4,,47.11,17.712476
35,KEN,Kenya,1989,1,21.601,0,0,0,7.617,1,1,0,no_crisis,23164069,4,,55.92,23.164069
35,KEN,Kenya,1991,0,28.0741,0,0,0,19.104,1,1,0,no_crisis,24578664,4,,57.35,24.578664
35,KEN,Kenya,1995,1,55.9389,0,1,0,1.554,1,0,0,crisis,27768296,4,,61.6,27.768296
35,KEN,Kenya,1997,1,62.6778,0,1,0,11.924,1,0,0,no_crisis,29573902,4,,63.66,29.573902
35,KEN,Kenya,1986,1,16.0422,0,0,0,10.284,1,0,0,crisis,20652289,3,,50.77,20.652289
35,KEN,Kenya,1992,1,36.2163,0,0,0,27.332,1,1,1,crisis,25463496,3,,57.83,25.463496
35,KEN,Kenya,1994,1,44.8389,0,1,0,28.814,1,0,1,crisis,27329868,3,,61.15,27.329868
35,KEN,Kenya,2008,0,77.71111111,0,0,0,15.101,1,1,0,no_crisis,39741904,3,,73,39.741904
35,KEN,Kenya,1978,0,7.1588,0,0,0,15.35621451,1,0,0,no_crisis,15156802,2,,42.6,15.156802
35,KEN,Kenya,1996,1,55.0211,0,1,0,8.862,1,0,0,no_crisis,28656881,2,,62.58,28.656881
35,KEN,Kenya,2001,0,78.6,0,0,0,5.824,1,0,0,no_crisis,32875547,2,,67.56,32.875547
35,KEN,Kenya,2005,0,72.3667,0,0,0,7.823,1,0,0,no_crisis,36624895,2,,71.5,36.624895
35,KEN,Kenya,2007,0,62.675,0,0,0,4.265,1,0,0,no_crisis,38674489,2,,73,38.674489
35,KEN,Kenya,2011,0,85.0681,0,0,0,14.022,1,0,0,no_crisis,43203332,2,41.95,73,43.203332
35,KEN,Kenya,2012,0,86.0008,0,0,0,9.378,1,0,0,no_crisis,44408705,2,50.33,73,44.408705
35,KEN,Kenya,1993,1,68.1631,0,0,0,45.979,1,1,1,crisis,26380182,1,,59.69,26.380182
35,KEN,Kenya,1998,1,61.9056,0,1,0,6.716,1,0,0,no_crisis,30520267,1,,64.61,30.520267
38,MUS,Mauritius,1988,0,13.8337,0,0,0,3.6,1,0,0,no_crisis,1046851,7,,52.07,1.046851
38,MUS,Mauritius,2008,0,31.7555,0,0,0,9.731,1,0,0,no_crisis,1244502,7,,75.1,1.244502
38,MUS,Mauritius,1991,0,14.7939,0,0,0,12.817,1,0,0,no_crisis,1064104,7,,54.68,1.064104
38,MUS,Mauritius,1980,0,7.8349,0,0,0,33.04,1,0,1,no_crisis,966031,7,,43.94,0.966031
38,MUS,Mauritius,1984,0,15.6033,0,0,0,5.525,1,1,0,no_crisis,1029357,7,,47.82,1.029357
38,MUS,Mauritius,1985,0,14.31,0,0,0,8.321,1,0,0,no_crisis,1015762,7,,49.6,1.015762
38,MUS,Mauritius,1978,0,5.921,0,0,0,9.063188827,1,0,0,no_crisis,934069,6,,42,0.934069
38,MUS,Mauritius,1982,0,10.8605,0,0,0,13.384,1,0,0,no_crisis,997191,6,,45.88,0.997191
38,MUS,Mauritius,1989,0,14.996,0,0,0,13.61,1,0,0,no_crisis,1057425,6,,53.57,1.057425
38,MUS,Mauritius,1993,0,18.6558,0,0,0,15.288,1,0,0,no_crisis,1080769,5,,56.7,1.080769
38,MUS,Mauritius,1994,0,17.8626,0,0,0,7.335,1,0,0,no_crisis,1089199,5,,58,1.089199
38,MUS,Mauritius,1996,0,17.9715,0,0,0,6.553,1,0,0,crisis,1143797,5,,63.1,1.143797
38,MUS,Mauritius,1997,0,22.265,0,0,0,6.831,1,1,0,no_crisis,1159124,5,,64.8,1.159124
38,MUS,Mauritius,1999,0,25.468,0,0,0,6.872,1,0,0,no_crisis,1190397,5,,66.5,1.190397
38,MUS,Mauritius,2002,0,29.1968,0,0,0,6.414,1,0,0,no_crisis,1208488,5,,69.9,1.208488
38,MUS,Mauritius,2003,0,26.0877,0,0,0,3.931,1,0,0,no_crisis,1220331,5,,71.6,1.220331
38,MUS,Mauritius,2005,0,30.6666,0,0,0,4.921,1,0,0,no_crisis,1222003,5,,74.1,1.222003
38,MUS,Mauritius,2011,0,29.33,0,0,0,6.526,1,0,0,no_crisis,1253196,5,11.52,73.05,1.253196
38,MUS,Mauritius,1975,0,6.5892,0,0,0,15.20534955,1,0,0,no_crisis,892211,4,,39.1,0.892211
38,MUS,Mauritius,1987,0,12.1752,0,0,0,0.719,1,0,0,no_crisis,1036384,4,,49.6,1.036384
38,MUS,Mauritius,2000,0,27.8817,0,0,0,4.23,1,0,0,no_crisis,1185145,4,,68.2,1.185145
38,MUS,Mauritius,2001,0,30.3942,0,0,0,5.391,1,0,0,no_crisis,1196759,4,,68,1.196759
38,MUS,Mauritius,2004,0,28.2044,0,0,0,4.703,1,0,0,no_crisis,1232290,4,,72.85,1.23229
38,MUS,Mauritius,2009,0,30.2905,0,0,0,2.516,1,0,0,no_crisis,1252094,4,,73.3,1.252094
38,MUS,Mauritius,2013,0,30.12512987,0,0,0,4.131,1,0,0,no_crisis,1263745,4,12.13,69.6,1.263745
38,MUS,Mauritius,1976,0,6.639,0,0,0,10.75945144,1,0,0,no_crisis,905951,3,,40.07,0.905951
38,MUS,Mauritius,1977,0,6.3503,0,0,0,9.794534493,1,0,0,no_crisis,919903,3,,41.04,0.919903
38,MUS,Mauritius,1983,0,12.7233,0,0,0,7.452,1,1,0,no_crisis,1013146,3,,46.85,1.013146
38,MUS,Mauritius,1992,0,16.998,0,0,0,2.857,1,0,0,no_crisis,1072404,3,,55,1.072404
38,MUS,Mauritius,2007,0,28.2162,0,0,0,8.827,1,0,0,no_crisis,1236957,3,,72,1.236957
38,MUS,Mauritius,2010,0,30.39,0,0,0,2.929,1,0,0,no_crisis,1247955,3,10,75,1.247955
38,MUS,Mauritius,1981,0,10.3293,0,0,0,26.45,1,1,1,no_crisis,981487,2,,44.91,0.981487
38,MUS,Mauritius,1986,0,13.1367,0,0,0,4.336,1,0,0,no_crisis,1026021,2,,48.9,1.026021
38,MUS,Mauritius,1990,0,14.322,0,0,0,10.705,1,0,0,no_crisis,1055868,2,,54,1.055868
38,MUS,Mauritius,1995,0,17.6641,0,0,0,6.026,1,0,0,no_crisis,1128673,2,,59.75,1.128673
38,MUS,Mauritius,1998,0,24.7835,0,0,0,6.808,1,0,0,no_crisis,1174656,2,,65.65,1.174656
38,MUS,Mauritius,1979,0,7.5855,0,0,0,23.21616753,1,1,1,no_crisis,948454,2,,42.97,0.948454
38,MUS,Mauritius,2006,0,34.3368,0,0,0,8.93,1,0,0,no_crisis,1229457,2,,72.6,1.229457
38,MUS,Mauritius,2012,0,30.52,0,0,0,4.902,1,0,0,no_crisis,1258460,2,11.67,71.1,1.25846
38,MUS,Mauritius,2014,0,31.7374584,0,0,0,3.772,1,0,0,no_crisis,1259456,2,12.8,72.85,1.259456
40,MAR,Morocco,1975,0,3.8379,0,0,0,7.00696628,1,0,0,no_crisis,17796164,2,,38.5,17.796164
40,MAR,Morocco,1976,0,4.2041,0,0,0,10.97328486,1,0,0,no_crisis,18177002,8,,39,18.177002
40,MAR,Morocco,1977,0,4.32,0,0,0,10.81415052,1,0,0,no_crisis,18565990,4,,39.5,18.56599
40,MAR,Morocco,1978,0,3.88645,0,0,0,9.720054887,1,0,0,no_crisis,18963302,4,,39.9,18.963302
40,MAR,Morocco,1979,0,3.7388,0,0,0,8.651393052,1,0,0,no_crisis,19369117,4,,40.5,19.369117
40,MAR,Morocco,1980,0,4.334149999,0,0,0,9.408,1,0,0,no_crisis,19990012,2,,40.95,19.990012
40,MAR,Morocco,1981,0,5.333349999,0,0,0,12.493,1,0,0,no_crisis,20459777,8,,41.44,20.459777
40,MAR,Morocco,1982,0,6.267549999,0,0,0,10.528,1,0,0,no_crisis,20940582,6,,41.93,20.940582
40,MAR,Morocco,1983,1,8.060999999,0,1,0.13,6.208,1,0,0,crisis,21432686,2,,42.42,21.432686
40,MAR,Morocco,1984,1,9.551199999,0,0,0,12.448,1,0,0,crisis,21936354,1,,43,21.936354
40,MAR,Morocco,1985,0,9.621299999,0,0,0,7.729,1,1,0,no_crisis,22499110,5,,44,22.49911
40,MAR,Morocco,1986,0,8.7117,0,1,0.13,8.734,1,0,0,no_crisis,23036839,5,,45,23.036839
40,MAR,Morocco,1987,0,7.8003,0,1,0.13,2.699,1,0,0,no_crisis,23587419,2,,47,23.587419
40,MAR,Morocco,1988,0,8.2106,0,1,0.13,2.369,1,0,0,no_crisis,24151158,4,,47.8,24.151158
40,MAR,Morocco,1989,0,8.1218,0,1,0.13,3.138,1,0,0,no_crisis,24728371,2,,50,24.728371
40,MAR,Morocco,1990,0,8.0429,0,1,0.13,6.026,1,0,0,no_crisis,24807462,2,,52,24.807462
40,MAR,Morocco,1991,0,8.1499,0,0,0,8.991,1,0,0,no_crisis,25296169,5,,52.59,25.296169
40,MAR,Morocco,1992,0,9.0487,0,0,0,5.74,1,0,0,no_crisis,25794504,2,,53.96,25.794504
40,MAR,Morocco,1993,0,9.6512,0,0,0,5.183,1,0,0,no_crisis,26302655,4,,55.34,26.302655
40,MAR,Morocco,1994,0,8.9596,0,0,0,5.142,1,0,0,no_crisis,26820818,4,,56.71,26.820818
40,MAR,Morocco,1995,0,8.4689,0,0,0,6.124,1,0,0,no_crisis,26994250,2,,58.09,26.99425
40,MAR,Morocco,1996,0,8.7995,0,0,0,2.987,1,0,0,no_crisis,27453152,2,,59.46,27.453152
40,MAR,Morocco,1997,0,9.7141,0,0,0,1.041,1,0,0,no_crisis,27919856,5,,60.84,27.919856
40,MAR,Morocco,1998,0,9.2551,0,0,0,2.745,1,0,0,no_crisis,28394493,2,,62.21,28.394493
40,MAR,Morocco,1999,0,10.087,0,0,0,0.69,1,0,0,no_crisis,28877200,3,,63.58,28.8772
40,MAR,Morocco,2000,0,10.619,0,0,0,1.923,1,0,0,no_crisis,28793679,2,,64.96,28.793679
40,MAR,Morocco,2001,0,11.56,0,0,0,0.613,1,0,0,no_crisis,29167997,4,,65,29.167997
40,MAR,Morocco,2002,0,10.167,0,0,0,2.779,1,0,0,no_crisis,29547181,7,,65,29.547181
40,MAR,Morocco,2003,0,8.7499,0,0,0,1.163,1,0,0,no_crisis,29931294,2,,65,29.931294
40,MAR,Morocco,2004,0,8.2177,0,0,0,1.493,1,0,0,no_crisis,30320401,2,,65,30.320401
40,MAR,Morocco,2005,0,9.2494,0,0,0,0.983,1,0,0,no_crisis,30455561,5,,65,30.455561
40,MAR,Morocco,2006,0,8.4566,0,0,0,3.285,1,0,0,no_crisis,30799709,5,,65,30.799709
40,MAR,Morocco,2007,0,7.7132,0,0,0,2.036,1,0,0,no_crisis,31147746,2,,65,31.147746
40,MAR,Morocco,2008,0,8.0982,0,0,0,3.891,1,0,0,no_crisis,31499715,4,,66.7,31.499715
40,MAR,Morocco,2009,0,7.8601,0,0,0,0.972,1,0,0,no_crisis,31855662,6,,66.5,31.855662
40,MAR,Morocco,2010,0,8.3569,0,0,0,0.994,1,0,0,no_crisis,32343389,6,93.22,66.1,32.343389
40,MAR,Morocco,2011,0,8.5772,0,0,0,0.907,1,0,0,no_crisis,32734744,4,101.4,66,32.734744
40,MAR,Morocco,2012,0,8.4335,0,0,0,1.287,1,0,0,no_crisis,33130834,7,98.27,65.7,33.130834
40,MAR,Morocco,2013,0,8.15,0,0,0,1.881,1,0,0,no_crisis,33531718,8,106.8,65.45,33.531718
40,MAR,Morocco,2014,0,8.82,0,0,0,0.443,1,0,0,no_crisis,34663603,8,109.9,66,34.663603
45,NGA,Nigeria,1976,0,0.631074088,0,0,0,18.33643443,1,0,0,no_crisis,64964993,3,,40.07,64.964993
45,NGA,Nigeria,1989,0,7.651109411,0,1,0,49.02,1,1,1,no_crisis,92670381,3,,53.57,92.670381
45,NGA,Nigeria,1990,0,7.651109411,0,1,0,49.02,1,1,1,no_crisis,95212450,3,,54,95.21245
45,NGA,Nigeria,1977,0,0.651380928,0,0,0,22.3551061,1,0,1,no_crisis,66595614,3,,41.04,66.595614
45,NGA,Nigeria,1986,0,3.316749585,0,0,0,6.25,1,1,0,no_crisis,85752130,3,,48.9,85.75213
45,NGA,Nigeria,1997,0,21.886,0,0,0,10.673,1,0,1,crisis,113501754,3,,64.8,113.501754
45,NGA,Nigeria,1998,0,21.886,0,0,0,7.862,1,0,0,no_crisis,116384699,3,,65.65,116.384699
45,NGA,Nigeria,1982,0,0.670241287,0,0,0,5.882,1,0,1,no_crisis,77880008,4,,45.88,77.880008
45,NGA,Nigeria,1984,0,0.808276754,0,0,0,40.909,1,0,1,no_crisis,82606858,4,,47.82,82.606858
45,NGA,Nigeria,1988,0,5.353319058,0,1,0,34.211,1,1,0,no_crisis,90304405,4,,52.07,90.304405
45,NGA,Nigeria,1992,1,19.64636542,0,1,0,44.565,1,1,0,crisis,100306027,4,,55,100.306027
45,NGA,Nigeria,2007,0,117.968,0,0,0,5.413,1,0,0,no_crisis,146122885,4,,73.85,146.122885
45,NGA,Nigeria,2014,1,155.25,0,0,0,8.048,1,0,0,crisis,181137448,4,568.5,72.85,181.137448
45,NGA,Nigeria,1978,0,0.64808814,0,0,0,15.78133117,1,0,0,no_crisis,68267164,5,,42,68.267164
45,NGA,Nigeria,1980,0,0.544454729,0,0,0,9.97,1,0,0,no_crisis,73423633,5,,43.94,73.423633
45,NGA,Nigeria,1985,0,0.99960016,0,0,0,3.226,1,1,1,no_crisis,83562785,5,,49.6,83.562785
45,NGA,Nigeria,1995,1,21.88662727,0,0,0,72.729,1,0,1,crisis,107948335,5,,59.75,107.948335
45,NGA,Nigeria,2000,0,109.55,0,0,0,6.938,1,0,0,no_crisis,122283850,5,,65,122.28385
45,NGA,Nigeria,2003,0,136.5,0,0,0,14.033,1,0,0,no_crisis,131801993,5,,71.6,131.801993
45,NGA,Nigeria,2004,0,132.35,0,1,0,15.001,1,0,0,no_crisis,135136583,5,,72.85,135.136583
45,NGA,Nigeria,2013,1,155.2,0,0,0,8.495,1,0,0,crisis,171591435,5,515,69.6,171.591435
45,NGA,Nigeria,1981,0,0.636902109,0,0,0,20.555,1,1,0,no_crisis,75619000,5,,44.91,75.619
45,NGA,Nigeria,1996,0,21.8861,0,0,0,29.292,1,0,1,no_crisis,110690223,5,,60,110.690223
45,NGA,Nigeria,2005,0,129,0,1,0,17.856,1,0,0,no_crisis,138865016,5,,72,138.865016
45,NGA,Nigeria,2010,1,150.6617,0,0,0,13.72,1,0,0,crisis,158503197,5,369.1,75,158.503197
45,NGA,Nigeria,1979,0,0.570613409,0,0,0,10.06822352,1,0,0,no_crisis,69980670,5,,42.97,69.98067
45,NGA,Nigeria,2001,0,112.95,0,0,0,18.869,1,0,0,no_crisis,125377631,5,,67,125.377631
45,NGA,Nigeria,2006,0,128.27,0,0,0,8.218,1,0,0,no_crisis,142447733,5,,72.6,142.447733
45,NGA,Nigeria,2009,1,149.581,0,0,0,12.543,1,0,0,crisis,153760091,5,,73.3,153.760091
45,NGA,Nigeria,2011,1,158.267,0,0,0,10.841,1,0,0,crisis,162751083,5,411.7,73.05,162.751083
45,NGA,Nigeria,1983,0,0.748559024,0,0,0,22.222,1,0,0,no_crisis,80208620,6,,46.85,80.20862
45,NGA,Nigeria,1987,0,4.140786749,0,1,0,11.765,1,1,0,no_crisis,87998836,6,,49.6,87.998836
45,NGA,Nigeria,1993,1,21.88183807,0,1,0,57.143,1,0,1,crisis,102954106,6,,56.7,102.954106
45,NGA,Nigeria,1999,0,97.95,0,0,0,6.618,1,1,0,no_crisis,119340870,7,,66.5,119.34087
45,NGA,Nigeria,1975,0,0.614665929,0,0,0,38.50391131,1,0,1,no_crisis,63374298,7,,39.1,63.374298
45,NGA,Nigeria,1994,1,21.99736032,0,1,0,57.416,1,0,1,crisis,105672094,7,,58,105.672094
45,NGA,Nigeria,2012,1,155.27,0,0,0,12.225,1,0,0,crisis,167112812,8,461,71.1,167.112812
45,NGA,Nigeria,1991,0,9.00090009,0,1,0,7.895,1,1,1,no_crisis,97726059,8,,54.68,97.726059
45,NGA,Nigeria,2002,0,126.4,0,0,0,12.883,1,0,0,no_crisis,128549685,9,,69.9,128.549685
45,NGA,Nigeria,2008,0,132.5625,0,0,0,11.581,1,0,0,no_crisis,149892855,10,,75.1,149.892855
56,ZAF,South Africa,1975,0,0.6725,0,0,0,11.25107466,1,0,0,no_crisis,25195187,2,,38.5,25.195187
56,ZAF,South Africa,1976,0,0.8673,0,0,0,11.31771632,1,0,0,no_crisis,25870418,4,,39,25.870418
56,ZAF,South Africa,1977,0,0.8681,0,0,0,10.21066965,1,0,0,crisis,26563745,8,,39.5,26.563745
56,ZAF,South Africa,1978,0,0.8684,0,0,0,12.23442663,1,0,0,crisis,27275654,2,,39.9,27.275654
56,ZAF,South Africa,1979,0,0.8244,0,0,0,13.89287442,1,0,0,no_crisis,28006641,7,,40.5,28.006641
56,ZAF,South Africa,1980,0,0.745378653,0,0,0,14.236,1,0,0,no_crisis,28556769,10,,40.95,28.556769
56,ZAF,South Africa,1981,0,0.956571648,0,0,0,15.741,1,1,0,no_crisis,29282111,3,,41.44,29.282111
56,ZAF,South Africa,1982,0,1.076310408,0,0,0,14.4,1,0,0,no_crisis,30025877,2,,41.93,30.025877
56,ZAF,South Africa,1983,0,1.221896383,0,0,0,12.587,1,0,0,no_crisis,30788534,1,,42.42,30.788534
56,ZAF,South Africa,1984,0,1.984914649,0,0,0,11.18,1,1,0,no_crisis,31570563,8,,43,31.570563
56,ZAF,South Africa,1985,0,2.557544764,0,1,0.36,16.201,1,1,0,no_crisis,32678874,6,,44,32.678874
56,ZAF,South Africa,1986,0,2.183406114,0,1,0.36,18.75,1,0,0,no_crisis,33571007,5,,45,33.571007
56,ZAF,South Africa,1987,0,1.929943067,0,1,0.36,16.194,1,0,0,no_crisis,34487496,4,,47,34.487496
56,ZAF,South Africa,1988,0,2.377725468,0,0,0,12.892,1,1,0,no_crisis,35429004,4,,47.8,35.429004
56,ZAF,South Africa,1989,0,2.536011361,0,1,0.36,14.506,1,0,0,crisis,36396216,6,,50,36.396216
56,ZAF,South Africa,1990,0,2.562525625,0,0,0,14.286,1,0,0,no_crisis,36800509,8,,52,36.800509
56,ZAF,South Africa,1991,0,2.743032697,0,0,0,15.566,1,0,0,no_crisis,37683721,2,,52.59,37.683721
56,ZAF,South Africa,1992,0,3.053,0,0,0,13.673,1,0,0,no_crisis,38588131,10,,53.96,38.588131
56,ZAF,South Africa,1993,0,3.3975,0,1,0.36,9.874,1,0,0,no_crisis,39514246,3,,55.34,39.514246
56,ZAF,South Africa,1994,0,3.5435,0,0,0,8.824,1,0,0,no_crisis,40462588,2,,56.71,40.462588
56,ZAF,South Africa,1995,0,3.6475,0,0,0,8.709,1,0,0,no_crisis,41435758,9,,58.09,41.435758
56,ZAF,South Africa,1996,0,4.6825,0,0,0,7.32,1,1,0,no_crisis,42430216,6,,59.46,42.430216
56,ZAF,South Africa,1997,0,4.8675,0,0,0,8.623,1,0,0,no_crisis,43448541,7,,60.84,43.448541
56,ZAF,South Africa,1998,0,5.86,0,0,0,6.872,1,1,0,no_crisis,44491306,3,,62.21,44.491306
56,ZAF,South Africa,1999,0,6.1545,0,0,0,5.211,1,0,0,no_crisis,45559098,7,,63.58,45.559098
56,ZAF,South Africa,2000,0,7.5685,0,0,0,5.374,1,1,0,no_crisis,44967708,5,,64.96,44.967708
56,ZAF,South Africa,2001,0,12.1265,0,0,0,5.7,1,1,0,no_crisis,45709675,10,,67.4,45.709675
56,ZAF,South Africa,2002,0,8.64,0,0,0,9.177,1,0,0,no_crisis,46463885,9,,67.54,46.463885
56,ZAF,South Africa,2003,0,6.64,0,0,0,5.806,1,0,0,no_crisis,47230539,6,,67.38,47.230539
56,ZAF,South Africa,2004,0,5.63,0,0,0,1.392,1,0,0,no_crisis,48009843,2,,67.21,48.009843
56,ZAF,South Africa,2005,0,6.325,0,0,0,3.393,1,0,0,no_crisis,47880601,1,,67.05,47.880601
56,ZAF,South Africa,2006,0,6.97,0,0,0,4.688,1,0,0,no_crisis,48483897,6,,66.89,48.483897
56,ZAF,South Africa,2007,0,6.81,0,0,0,7.09,1,0,0,no_crisis,49094794,7,,66.72,49.094794
56,ZAF,South Africa,2008,0,9.305,0,0,0,11.536,1,1,0,no_crisis,49713388,5,,66.7,49.713388
56,ZAF,South Africa,2009,0,7.38,0,0,0,7.13,1,0,0,no_crisis,50339777,9,,66.5,50.339777
56,ZAF,South Africa,2010,0,6.6316,0,0,0,4.257,1,0,0,no_crisis,51216964,2,375.3,66.1,51.216964
56,ZAF,South Africa,2011,0,8.1429,0,0,0,5,1,1,0,no_crisis,51913515,10,416.9,66,51.913515
56,ZAF,South Africa,2012,0,8.50115,0,0,0,5.654,1,0,0,no_crisis,52619539,3,396.3,65.7,52.619539
56,ZAF,South Africa,2013,0,10.48985,0,0,0,5.752,1,1,0,no_crisis,53335164,2,366.8,65.45,53.335164
56,ZAF,South Africa,2014,0,10.48985,0,0,0,5.752,1,1,0,no_crisis,55386367,4,350.9,66,55.386367
63,TUN,Tunisia,1987,0,0.77785,0,0,0,8.224,1,0,0,no_crisis,7750319,6,,49.6,7.750319
63,TUN,Tunisia,1999,0,1.2525,0,0,0,2.768,1,0,0,no_crisis,9900886,6,,66.5,9.900886
63,TUN,Tunisia,2006,0,1.2971,0,0,0,4.143,1,0,0,no_crisis,10188636,6,,72.6,10.188636
63,TUN,Tunisia,2008,0,1.3099,0,0,0,4.913,1,0,0,no_crisis,10354360,6,,73,10.35436
63,TUN,Tunisia,1982,0,0.615749999,0,1,0.06,13.673,1,0,0,no_crisis,6686275,6,,45.88,6.686275
63,TUN,Tunisia,1988,0,0.89845,0,0,0,7.156,1,0,0,no_crisis,7969653,6,,52.07,7.969653
63,TUN,Tunisia,2012,0,1.5506,0,0,0,5.139,1,0,0,no_crisis,10853309,6,45.04,70,10.853309
63,TUN,Tunisia,1978,0,0.46,0,0,0,4.63026082,1,1,0,no_crisis,6045637,6,,42,6.045637
63,TUN,Tunisia,1993,1,1.0466,0,0,0,4.04,1,0,0,crisis,8845128,6,,56.7,8.845128
63,TUN,Tunisia,2005,0,1.3634,0,0,0,1.444,1,0,0,no_crisis,10106771,6,,74.1,10.106771
63,TUN,Tunisia,2013,0,1.653095696,0,0,0,5.805,1,0,0,no_crisis,10964013,6,46.25,69.6,10.964013
63,TUN,Tunisia,1976,0,0.5587,0,0,0,3.293128476,1,0,0,no_crisis,5783629,6,,40.07,5.783629
63,TUN,Tunisia,1989,0,0.9046,0,0,0,7.722,1,0,0,no_crisis,8195194,6,,53.57,8.195194
63,TUN,Tunisia,1994,1,0.9912,0,0,0,5.423,1,0,0,crisis,9055642,6,,58,9.055642
63,TUN,Tunisia,1995,1,0.9508,0,0,0,6.232,1,0,0,crisis,9125398,6,,59.75,9.125398
63,TUN,Tunisia,1996,0,0.9985,0,0,0,3.733,1,0,0,no_crisis,9313381,6,,63.1,9.313381
63,TUN,Tunisia,1983,0,0.7271,0,0,0,8.972,1,0,0,no_crisis,6848083,5,,46.85,6.848083
63,TUN,Tunisia,1986,0,0.8402,0,0,0,6.159,1,1,0,no_crisis,7537022,5,,48.9,7.537022
63,TUN,Tunisia,1991,1,0.8645,0,0,0,7.693,1,0,0,crisis,8438667,5,,54.68,8.438667
63,TUN,Tunisia,1997,0,1.1475,0,0,0,3.599,1,0,0,no_crisis,9505237,5,,64.8,9.505237
63,TUN,Tunisia,2001,0,1.4683,0,0,0,1.987,1,0,0,no_crisis,9829704,5,,69.05,9.829704
63,TUN,Tunisia,2004,0,1.1994,0,0,0,3.621,1,0,0,no_crisis,10202945,5,,72.85,10.202945
63,TUN,Tunisia,2010,0,1.4379,0,0,0,4.409,1,0,0,no_crisis,10635244,5,44.08,75,10.635244
63,TUN,Tunisia,1992,1,0.95065,0,0,0,5.518,1,0,0,crisis,8639508,4,,55,8.639508
63,TUN,Tunisia,2007,0,1.2207,0,0,0,3.438,1,0,0,no_crisis,10271164,4,,73.85,10.271164
63,TUN,Tunisia,2009,0,1.3173,0,0,0,3.53,1,0,0,no_crisis,10438231,4,,73.3,10.438231
63,TUN,Tunisia,1977,0,0.4275,0,0,0,8.19487405,1,0,0,no_crisis,5913182,3,,41.04,5.913182
63,TUN,Tunisia,1981,0,0.515649999,0,1,0.06,8.903,1,0,0,no_crisis,6528291,3,,44.91,6.528291
63,TUN,Tunisia,2002,0,1.3341,0,0,0,2.706,1,0,0,no_crisis,9952576,3,,69.9,9.952576
63,TUN,Tunisia,1975,0,0.4712,0,0,0,10.05684308,1,0,0,no_crisis,5656914,2,,39.1,5.656914
63,TUN,Tunisia,1979,0,0.405,0,1,0.06,8.557119849,1,0,0,no_crisis,6181060,2,,42.97,6.18106
63,TUN,Tunisia,1980,0,0.418699999,0,1,0.06,10.011,1,0,0,no_crisis,6374039,2,,43.94,6.374039
63,TUN,Tunisia,1984,0,0.8666,0,0,0,8.596,1,0,0,no_crisis,7013807,2,,47.82,7.013807
63,TUN,Tunisia,1985,0,0.75695,0,0,0,7.551,1,0,0,no_crisis,7329594,2,,49.6,7.329594
63,TUN,Tunisia,1990,0,0.83675,0,0,0,6.502,1,0,0,no_crisis,8242496,2,,54,8.242496
63,TUN,Tunisia,1998,0,1.101,0,0,0,3.102,1,0,0,no_crisis,9701045,2,,65.65,9.701045
63,TUN,Tunisia,2003,0,1.2083,0,0,0,2.724,1,0,0,no_crisis,10076983,2,,71.6,10.076983
63,TUN,Tunisia,2011,0,1.4993,0,0,0,3.541,1,0,0,no_crisis,10743723,2,45.81,71,10.743723
63,TUN,Tunisia,2014,0,1.862411798,0,0,0,4.924,1,0,0,no_crisis,11179949,2,47.59,72.85,11.179949
63,TUN,Tunisia,2000,0,1.3853,0,0,0,2.77,1,0,0,no_crisis,9708350,2,,65,9.70835
69,ZMB,Zambia,1998,1,2.425,0,0,0,24.456,1,1,1,crisis,9798918,9,,62.21,9.798918
69,ZMB,Zambia,1983,0,0.001236,0,1,0,19.692,1,1,0,no_crisis,6474868,9,,43,6.474868
69,ZMB,Zambia,1984,0,0.002105,0,1,0,20.019,1,1,1,no_crisis,6696956,9,,43,6.696956
69,ZMB,Zambia,1994,0,0.699,0,1,0,54.614,1,1,1,no_crisis,9056083,9,,56.71,9.056083
69,ZMB,Zambia,1997,1,1.44,0,0,0,24.41,1,0,1,crisis,9558988,9,,60.84,9.558988
69,ZMB,Zambia,2002,0,4.5,0,0,0,22.239,1,0,1,no_crisis,10996698,9,,66,10.996698
69,ZMB,Zambia,2007,0,3.83,0,0,0,10.655,1,0,0,no_crisis,12485653,9,,66.72,12.485653
69,ZMB,Zambia,2009,0,4.631,0,0,0,13.392,1,0,0,no_crisis,13148472,9,,64,13.148472
69,ZMB,Zambia,2011,0,5.11398,0,0,0,8.658,1,0,0,no_crisis,13985591,9,23.46,65,13.985591
69,ZMB,Zambia,1987,0,0.0077,0,1,0,47.028,1,0,1,no_crisis,7404790,8,,50,7.40479
69,ZMB,Zambia,2004,0,4.6,0,0,0,17.969,1,0,0,no_crisis,11609833,8,,67.21,11.609833
69,ZMB,Zambia,1977,0,0.0007589,0,0,0,19.82758621,1,1,0,no_crisis,5287185,7,,39.5,5.287185
69,ZMB,Zambia,1978,0,0.0007862,0,0,0,16.18705036,1,0,0,no_crisis,5468007,7,,42,5.468007
69,ZMB,Zambia,1982,0,0.0009285,0,0,0,12.495,1,0,0,no_crisis,6260145,7,,43,6.260145
69,ZMB,Zambia,1990,0,0.0459,0,1,0,109.558,1,1,1,no_crisis,8036845,7,,52,8.036845
69,ZMB,Zambia,2001,0,3.735,0,0,0,21.357,1,0,1,no_crisis,10702382,6,,66.4,10.702382
69,ZMB,Zambia,2006,0,4.41722,0,0,0,9.017,1,0,0,no_crisis,12166881,6,,65,12.166881
69,ZMB,Zambia,1975,0,0.0006429,0,0,0,10.16949153,1,0,0,no_crisis,4943283,5,,38.5,4.943283
69,ZMB,Zambia,1976,0,0.0007934,0,0,0,18.97435897,1,0,0,no_crisis,5112343,5,,39,5.112343
69,ZMB,Zambia,1979,0,0.0007775,0,0,0,9.59752322,1,0,0,no_crisis,5655013,5,,42,5.655013
69,ZMB,Zambia,1985,0,0.00563,0,1,0,37.43,1,1,1,no_crisis,6923149,5,,44,6.923149
69,ZMB,Zambia,1993,0,0.561,0,1,0,183.263,1,1,1,no_crisis,8789753,5,,55.34,8.789753
69,ZMB,Zambia,1999,0,2.76,0,0,0,26.79,1,0,1,no_crisis,10044871,5,,63.58,10.044871
69,ZMB,Zambia,2000,0,4.45,0,0,0,26.1,1,1,1,no_crisis,10415944,5,,64.96,10.415944
69,ZMB,Zambia,2010,0,4.7899,0,0,0,8.5,1,0,0,no_crisis,13605984,5,20.27,66.1,13.605984
69,ZMB,Zambia,1980,0,0.0008031,0,0,0,11.729,1,0,0,no_crisis,5851825,4,,42,5.851825
69,ZMB,Zambia,1991,0,0.08733,0,1,0,97.701,1,1,1,no_crisis,8280361,4,,52.59,8.280361
69,ZMB,Zambia,1995,1,0.978,0,0,0,34.905,1,1,1,crisis,9096607,4,,58.09,9.096607
69,ZMB,Zambia,1981,0,0.00088,0,0,0,13.997,1,0,0,no_crisis,6052543,3,,43,6.052543
69,ZMB,Zambia,1992,0,0.31496,0,1,0,165.725,1,1,1,no_crisis,8531256,3,,53.96,8.531256
69,ZMB,Zambia,2003,0,4.4,0,0,0,21.4,1,0,1,no_crisis,11299107,3,,66,11.299107
69,ZMB,Zambia,2005,0,3.34,0,0,0,18.325,1,0,0,no_crisis,11856247,3,,65,11.856247
69,ZMB,Zambia,2012,0,5.1466133,0,0,0,6.575,1,0,0,no_crisis,14375789,3,25.5,66,14.375789
69,ZMB,Zambia,1986,0,0.01448,0,1,0,54.8,1,1,1,no_crisis,7159921,2,,45,7.159921
69,ZMB,Zambia,1988,0,0.0095,0,1,0,54.042,1,1,1,no_crisis,7658034,2,,50,7.658034
69,ZMB,Zambia,1989,0,0.01841,0,1,0,128.294,1,1,1,no_crisis,7919939,2,,50,7.919939
69,ZMB,Zambia,2008,0,4.83226,0,0,0,12.449,1,1,0,no_crisis,12812777,2,,66.7,12.812777
69,ZMB,Zambia,2013,0,5.52,0,0,0,6.978,1,1,0,no_crisis,14776873,2,28.05,67,14.776873
69,ZMB,Zambia,1996,1,1.287,0,0,0,43.095,1,1,1,crisis,9324932,2,,59.46,9.324932
69,ZMB,Zambia,2014,0,6.3856,0,0,0,7.811,1,0,0,no_crisis,15879361,2,27.15,68,15.879361
70,ZWE,Zimbabwe,1975,0,6.25E-27,1,1,0,10.00764002,1,0,0,no_crisis,6293875,10,,39.1,6.293875
70,ZWE,Zimbabwe,1976,0,6.19E-27,1,1,0,11.0416805,1,0,0,no_crisis,6516678,5,,40.07,6.516678
70,ZWE,Zimbabwe,1977,0,6.47E-27,1,1,0,10.25640067,1,1,0,no_crisis,6747369,9,,41.04,6.747369
70,ZWE,Zimbabwe,1978,0,6.75E-27,1,1,0,8.229915112,1,0,0,no_crisis,6986225,5,,42,6.986225
70,ZWE,Zimbabwe,1979,0,6.74E-27,1,1,0,12.55279758,1,0,0,no_crisis,7233538,5,,42.97,7.233538
70,ZWE,Zimbabwe,1980,0,6.31E-27,1,1,0,7.2,1,0,0,no_crisis,7408624,3,,43.94,7.408624
70,ZWE,Zimbabwe,1981,0,7.23E-27,0,0,0,13.2,1,0,0,no_crisis,7654590,8,,44,7.65459
70,ZWE,Zimbabwe,1982,0,7.39E-27,0,0,0,10.4,1,1,0,no_crisis,7908723,4,,45.88,7.908723
70,ZWE,Zimbabwe,1983,0,1.11E-26,0,0,0,23.2,1,1,1,no_crisis,8171292,7,,46.85,8.171292
70,ZWE,Zimbabwe,1984,0,1.45E-26,0,0,0,20.3,1,1,1,no_crisis,8442579,7,,47.82,8.442579
70,ZWE,Zimbabwe,1985,0,1.63E-26,0,0,0,8.3,1,0,0,no_crisis,8877489,7,,47,8.877489
70,ZWE,Zimbabwe,1986,0,1.68E-26,0,0,0,14.5,1,0,0,no_crisis,9204181,3,,48.9,9.204181
70,ZWE,Zimbabwe,1987,0,1.60E-26,0,0,0,12.5,1,0,0,no_crisis,9542894,8,,49.6,9.542894
70,ZWE,Zimbabwe,1988,0,1.93E-26,0,0,0,7.4,1,1,0,no_crisis,9894073,8,,52.07,9.894073
70,ZWE,Zimbabwe,1989,0,2.22E-26,0,0,0,12.8,1,1,0,no_crisis,10258175,7,,53.57,10.258175
70,ZWE,Zimbabwe,1990,0,2.61E-26,0,0,0,17.4,1,1,0,no_crisis,10432421,9,,54,10.432421
70,ZWE,Zimbabwe,1991,0,5.04E-26,0,0,0,24,1,1,1,no_crisis,10774604,9,,54.68,10.774604
70,ZWE,Zimbabwe,1992,0,5.37E-26,0,0,0,41.6,1,0,1,no_crisis,11128011,7,,55,11.128011
70,ZWE,Zimbabwe,1993,0,6.81E-26,0,0,0,28.2,1,1,1,no_crisis,11493010,9,,56.7,11.49301
70,ZWE,Zimbabwe,1994,0,8.38E-26,0,0,0,21.11354311,1,1,1,no_crisis,11869981,3,,58,11.869981
70,ZWE,Zimbabwe,1995,1,9.31E-26,0,0,0,25.80873955,1,0,1,crisis,11410714,5,,59.75,11.410714
70,ZWE,Zimbabwe,1996,1,1.08E-25,0,0,0,16.40028408,1,1,0,crisis,11617248,8,,63.1,11.617248
70,ZWE,Zimbabwe,1997,1,1.83E-25,0,0,0,20.0650384,1,1,1,crisis,11827520,3,,64,11.82752
70,ZWE,Zimbabwe,1998,1,3.71E-25,0,0,0,46.61127497,1,1,1,crisis,12041598,4,,65,12.041598
70,ZWE,Zimbabwe,1999,1,3.72E-25,0,0,0,56.92320336,1,0,1,crisis,12259551,9,,66.5,12.259551
70,ZWE,Zimbabwe,2000,1,5.50E-25,1,1,0,55.20369616,1,1,1,crisis,11881477,4,,68.2,11.881477
70,ZWE,Zimbabwe,2001,1,5.51E-25,1,1,0,112.1184112,1,0,1,crisis,11977717,2,,68,11.977717
70,ZWE,Zimbabwe,2002,1,5.50E-25,1,1,0,198.928606,1,0,1,crisis,12074736,3,,67,12.074736
70,ZWE,Zimbabwe,2003,1,7.95E-24,1,1,0,598.7447505,1,1,1,crisis,12172542,4,,70,12.172542
70,ZWE,Zimbabwe,2004,1,5.60E-23,1,1,0,132.7467739,1,1,1,crisis,12271139,6,,71,12.271139
70,ZWE,Zimbabwe,2005,1,8.46E-22,1,1,0,585.8443656,1,1,1,crisis,12076699,8,,74.1,12.076699
70,ZWE,Zimbabwe,2006,1,3.00E-19,1,1,0,1281.113605,1,1,1,crisis,12116552,9,,72.6,12.116552
70,ZWE,Zimbabwe,2007,1,1.90E-16,1,1,0,66279.89237,1,1,1,crisis,12156537,9,,73.85,12.156537
70,ZWE,Zimbabwe,2008,1,0.002,1,1,0,21989695.22,1,1,1,crisis,12196653,2,,74,12.196653
70,ZWE,Zimbabwe,2009,1,354.8,1,1,0,-7.67,1,1,0,crisis,12236902,7,,73.3,12.236902
70,ZWE,Zimbabwe,2010,0,378.2,1,1,0,3.217,1,0,0,no_crisis,12697723,7,10.14,75,12.697723
70,ZWE,Zimbabwe,2011,0,361.9,1,1,0,4.92,1,0,0,no_crisis,12825970,7,12.1,71,12.82597
70,ZWE,Zimbabwe,2012,0,361.9,1,1,0,3.72,1,0,0,no_crisis,12955512,9,14.24,71.1,12.955512
70,ZWE,Zimbabwe,2013,0,361.9,1,1,0,1.632,1,0,0,no_crisis,13086363,5,15.45,69.6,13.086363
70,ZWE,Zimbabwe,2014,0,361.9,1,1,0,1.632,1,0,0,no_crisis,13814629,3,15.89,71,13.814629
